{"activityLevel":0,"activityList":[{"activeTime":1918848,"calorie":238.0,"distance":2279.26,"type":1001},{"activeTime":3235057,"calorie":238.65866,"distance":4038.3218,"type":-1}],"age":20,"gender":"M","height":172.72,"stepCount":8188,"weight":92.07925}