{"activityLevel":0,"activityList":[{"a":-1,"b":331.97916,"c":5055.3027,"d":4160766}],"age":19,"gender":"M","height":170.18,"stepCount":6525,"weight":87.54333}