{"activityLevel":0,"activityList":[{"a":1001,"b":209.0,"c":2117.46,"d":1859836},{"a":15006,"b":225.56001,"c":0.0,"d":1356554},{"a":-1,"b":199.73593,"c":3556.7922,"d":3093728}],"age":19,"gender":"M","height":170.18,"stepCount":9691,"weight":87.54333}