{"activityLevel":0,"activityList":[{"activeTime":1623791,"calorie":199.0,"distance":1847.6799,"type":1001},{"activeTime":2404606,"calorie":417.73013,"distance":0.0,"type":15006},{"activeTime":4271600,"calorie":287.151,"distance":5300.642,"type":-1}],"age":19,"gender":"M","height":172.72,"stepCount":13960,"weight":92.07925}