{"activityLevel":0,"activityList":[{"a":0,"b":110.38,"c":0.0,"d":979137},{"a":-1,"b":400.41818,"c":6059.212,"d":5354029}],"age":19,"gender":"M","height":170.18,"stepCount":8858,"weight":87.54333}