{"activityLevel":0,"activityList":[{"activeTime":1134648,"calorie":119.99,"distance":0.0,"type":0},{"activeTime":1808104,"calorie":218.0,"distance":2200.8398,"type":1001},{"activeTime":7033893,"calorie":612.07104,"distance":8842.867,"type":-1}],"age":20,"gender":"M","height":172.72,"stepCount":14676,"weight":92.07925}