{"activityLevel":0,"activityList":[{"activeTime":791986,"calorie":93.0,"distance":1037.72,"type":1001},{"activeTime":1820733,"calorie":318.4,"distance":0.0,"type":15006},{"activeTime":1578487,"calorie":126.23046,"distance":1932.4817,"type":-1}],"age":19,"gender":"M","height":170.18,"stepCount":6647,"weight":87.99692}