{"activityLevel":0,"activityList":[{"activeTime":2664780,"calorie":344.0,"distance":3309.02,"type":1001},{"activeTime":4439230,"calorie":272.70187,"distance":5443.487,"type":-1}],"age":19,"gender":"M","height":172.72,"stepCount":11547,"weight":92.07925}