{"activityLevel":0,"activityList":[{"activeTime":3581052,"calorie":333.07,"distance":5234.46,"type":1001},{"activeTime":2465710,"calorie":190.28322,"distance":2882.3735,"type":-1}],"age":20,"gender":"M","height":172.72,"stepCount":10289,"weight":92.07925}