{"activityLevel":0,"activityList":[{"a":-1,"b":219.01625,"c":4140.342,"d":3630356}],"age":19,"gender":"M","height":170.18,"stepCount":5523,"weight":87.54333}