{"activityLevel":0,"activityList":[{"activeTime":1991718,"calorie":266.0,"distance":2736.58,"type":1001},{"activeTime":1813158,"calorie":317.83005,"distance":0.0,"type":15006},{"activeTime":2904029,"calorie":246.68652,"distance":3771.0032,"type":-1}],"age":19,"gender":"M","height":170.18,"stepCount":11033,"weight":87.99692}