{"activityLevel":0,"activityList":[{"a":1001,"b":265.0,"c":2635.72,"d":2290442},{"a":-1,"b":290.24225,"c":5802.845,"d":4711624}],"age":19,"gender":"M","height":170.18,"stepCount":11112,"weight":87.54333}