{"activityLevel":0,"activityList":[{"activeTime":4040560,"calorie":491.0,"distance":4775.6797,"type":1001},{"activeTime":3264122,"calorie":279.79807,"distance":4089.9543,"type":-1}],"age":19,"gender":"M","height":172.72,"stepCount":11767,"weight":92.07925}