{"activityLevel":0,"activityList":[{"activeTime":1693351,"calorie":205.0,"distance":2232.99,"type":1001},{"activeTime":2338446,"calorie":195.54028,"distance":2938.263,"type":-1}],"age":20,"gender":"M","height":172.72,"stepCount":6828,"weight":92.07925}