{"activityLevel":0,"activityList":[{"a":1001,"b":181.0,"c":1887.46,"d":1584987},{"a":-1,"b":321.13885,"c":4882.4854,"d":3947161}],"age":19,"gender":"M","height":170.18,"stepCount":9048,"weight":87.54333}