{"activityLevel":0,"activityList":[{"activeTime":1756504,"calorie":218.0,"distance":2231.3198,"type":1001},{"activeTime":1481727,"calorie":118.840454,"distance":1786.8224,"type":-1}],"age":19,"gender":"M","height":170.18,"stepCount":5313,"weight":87.99692}