{"activityLevel":0,"activityList":[{"activeTime":1483815,"calorie":192.0,"distance":1851.56,"type":1001},{"activeTime":901975,"calorie":169.43999,"distance":0.0,"type":15006},{"activeTime":2420657,"calorie":185.9992,"distance":2848.9805,"type":-1}],"age":19,"gender":"M","height":170.18,"stepCount":7430,"weight":87.99692}