{"activityLevel":0,"activityList":[{"activeTime":5905241,"calorie":710.0,"distance":7584.34,"type":1001},{"activeTime":1236406,"calorie":76.09658,"distance":1463.2677,"type":-1}],"age":20,"gender":"M","height":172.72,"stepCount":12161,"weight":92.07925}