{"activityLevel":0,"activityList":[{"activeTime":704910,"calorie":88.0,"distance":1005.54,"type":1001},{"activeTime":1025946,"calorie":204.38,"distance":0.0,"type":15006},{"activeTime":5698236,"calorie":459.55743,"distance":7160.575,"type":-1}],"age":19,"gender":"M","height":170.18,"stepCount":12606,"weight":87.99692}