{"activityLevel":0,"activityList":[{"activeTime":123956,"calorie":17.510002,"distance":0.0,"type":15002},{"activeTime":1203777,"calorie":202.13007,"distance":0.0,"type":15006},{"activeTime":5263353,"calorie":447.4463,"distance":6636.691,"type":-1}],"age":19,"gender":"M","height":172.72,"stepCount":10745,"weight":92.07925}