{"activityLevel":0,"activityList":[{"a":-1,"b":332.05936,"c":5015.124,"d":4433041}],"age":18,"gender":"M","height":170.18,"stepCount":6696,"weight":87.54333}