{"activityLevel":0,"activityList":[{"a":-1,"b":274.20987,"c":4153.8813,"d":3657326}],"age":18,"gender":"M","height":170.18,"stepCount":5541,"weight":87.08974}