{"activityLevel":0,"activityList":[{"activeTime":1389020,"calorie":167.0,"distance":1548.1001,"type":1001},{"activeTime":3203577,"calorie":252.93188,"distance":3793.6135,"type":-1}],"age":20,"gender":"M","height":172.72,"stepCount":7052,"weight":92.07925}