{"activityLevel":0,"activityList":[{"activeTime":2005666,"calorie":254.0,"distance":2401.3198,"type":1001},{"activeTime":2013379,"calorie":160.66597,"distance":2401.1519,"type":-1}],"age":19,"gender":"M","height":172.72,"stepCount":6266,"weight":92.07925}