{"activityLevel":0,"activityList":[{"activeTime":2214665,"calorie":302.0,"distance":2823.74,"type":1001},{"activeTime":281449,"calorie":50.61,"distance":0.0,"type":15006},{"activeTime":3691189,"calorie":269.65594,"distance":4543.6763,"type":-1}],"age":19,"gender":"M","height":172.72,"stepCount":10157,"weight":92.986435}