{"activityLevel":0,"activityList":[{"activeTime":1333272,"calorie":181.0,"distance":1588.09,"type":1001},{"activeTime":10719885,"calorie":926.05646,"distance":12824.85,"type":-1}],"age":20,"gender":"M","height":172.72,"stepCount":19082,"weight":92.07925}