{"activityLevel":0,"activityList":[{"activeTime":3211366,"calorie":392.92,"distance":3479.8076,"type":1001},{"activeTime":4913891,"calorie":403.77917,"distance":5934.232,"type":-1}],"age":20,"gender":"M","height":172.72,"stepCount":12488,"weight":92.07925}