{"activityLevel":0,"activityList":[{"activeTime":1424475,"calorie":171.0,"distance":1362.1201,"type":1001},{"activeTime":2647679,"calorie":221.58311,"distance":3313.174,"type":-1}],"age":19,"gender":"M","height":172.72,"stepCount":6111,"weight":92.07925}