{"activityLevel":0,"activityList":[{"activeTime":1679001,"calorie":239.0,"distance":2162.0,"type":1001},{"activeTime":2166786,"calorie":326.19028,"distance":0.0,"type":15006},{"activeTime":3300978,"calorie":273.87268,"distance":4081.5215,"type":-1}],"age":19,"gender":"M","height":172.72,"stepCount":11700,"weight":92.07925}