{"activityLevel":0,"activityList":[{"activeTime":1246116,"calorie":140.0,"distance":1367.67,"type":1001},{"activeTime":6400742,"calorie":401.84634,"distance":7918.07,"type":-1}],"age":20,"gender":"M","height":172.72,"stepCount":12134,"weight":92.07925}