{"activityLevel":0,"activityList":[{"activeTime":1705463,"calorie":226.0,"distance":2073.01,"type":1001},{"activeTime":2406706,"calorie":430.54013,"distance":0.0,"type":15006},{"activeTime":2502969,"calorie":208.8456,"distance":3088.4727,"type":-1}],"age":19,"gender":"M","height":170.18,"stepCount":10725,"weight":91.172066}