{"activityLevel":0,"activityList":[{"a":-1,"b":266.35986,"c":5068.926,"d":3979809}],"age":19,"gender":"M","height":170.18,"stepCount":6647,"weight":87.54333}