{"activityLevel":0,"activityList":[{"a":-1,"b":223.31958,"c":4356.4644,"d":3847920}],"age":19,"gender":"M","height":170.18,"stepCount":5775,"weight":87.54333}