{"activityLevel":0,"activityList":[{"activeTime":3921276,"calorie":462.0,"distance":4339.4697,"type":1001},{"activeTime":2926595,"calorie":250.79607,"distance":3690.584,"type":-1}],"age":20,"gender":"M","height":172.72,"stepCount":10793,"weight":92.07925}