{"activityLevel":0,"activityList":[{"activeTime":1115889,"calorie":134.0,"distance":1286.27,"type":1001},{"activeTime":4248305,"calorie":353.52255,"distance":5222.627,"type":-1}],"age":20,"gender":"M","height":172.72,"stepCount":8520,"weight":92.07925}