{"activityLevel":0,"activityList":[{"activeTime":2166844,"calorie":359.93005,"distance":0.0,"type":15006},{"activeTime":4031079,"calorie":347.46463,"distance":5237.5195,"type":-1}],"age":19,"gender":"M","height":172.72,"stepCount":10230,"weight":92.07925}