{"activityLevel":0,"activityList":[{"activeTime":2156034,"calorie":250.0,"distance":2720.08,"type":1001},{"activeTime":1902316,"calorie":111.913086,"distance":2324.3416,"type":-1}],"age":20,"gender":"M","height":172.72,"stepCount":6739,"weight":92.07925}