{"activityLevel":0,"activityList":[{"a":-1,"b":497.93442,"c":9566.51,"d":8282851}],"age":19,"gender":"M","height":170.18,"stepCount":12648,"weight":87.54333}