{"activityLevel":0,"activityList":[{"a":-1,"b":265.26486,"c":4027.1704,"d":3518992}],"age":19,"gender":"M","height":170.18,"stepCount":5334,"weight":87.54333}