{"activityLevel":0,"activityList":[{"activeTime":3224004,"calorie":414.0,"distance":4495.96,"type":1001},{"activeTime":2739569,"calorie":182.16252,"distance":3247.2783,"type":-1}],"age":20,"gender":"M","height":172.72,"stepCount":10159,"weight":92.07925}