{"activityLevel":0,"activityList":[{"activeTime":1240036,"calorie":149.0,"distance":1650.6399,"type":1001},{"activeTime":2214395,"calorie":175.89912,"distance":2633.8235,"type":-1}],"age":19,"gender":"M","height":170.18,"stepCount":5652,"weight":87.99692}