{"activityLevel":0,"activityList":[{"activeTime":798182,"calorie":99.0,"distance":947.68,"type":1001},{"activeTime":2806960,"calorie":439.75998,"distance":0.0,"type":15006},{"activeTime":3877151,"calorie":318.4757,"distance":4746.2656,"type":-1}],"age":19,"gender":"M","height":172.72,"stepCount":11486,"weight":92.986435}