{"activityLevel":0,"activityList":[{"activeTime":3205138,"calorie":404.0,"distance":3962.48,"type":1001},{"activeTime":5394685,"calorie":387.89343,"distance":6738.1313,"type":-1}],"age":20,"gender":"M","height":172.72,"stepCount":14138,"weight":92.07925}