{"activityLevel":0,"activityList":[{"a":14001,"b":206.73,"c":0.0,"d":1063700},{"a":-1,"b":126.05926,"c":2512.089,"d":2179502}],"age":19,"gender":"M","height":170.18,"stepCount":3351,"weight":87.54333}