{"activityLevel":0,"activityList":[{"activeTime":1618179,"calorie":195.0,"distance":2005.92,"type":1001},{"activeTime":2769169,"calorie":504.07007,"distance":0.0,"type":15006},{"activeTime":3971701,"calorie":338.22235,"distance":4917.1245,"type":-1}],"age":19,"gender":"M","height":172.72,"stepCount":14332,"weight":92.986435}