{"activityLevel":0,"activityList":[{"activeTime":4823297,"calorie":567.0,"distance":5116.92,"type":1001},{"activeTime":6069831,"calorie":445.50626,"distance":7550.2134,"type":-1}],"age":20,"gender":"M","height":172.72,"stepCount":16709,"weight":92.07925}