{"activityLevel":0,"activityList":[{"activeTime":1521482,"calorie":169.0,"distance":1472.53,"type":1001},{"activeTime":5861630,"calorie":458.89664,"distance":6858.8833,"type":-1}],"age":20,"gender":"M","height":172.72,"stepCount":11139,"weight":92.07925}