{"activityLevel":0,"activityList":[{"activeTime":1373972,"calorie":164.0,"distance":1782.84,"type":1001},{"activeTime":1273935,"calorie":197.10999,"distance":0.0,"type":15006},{"activeTime":3039073,"calorie":249.3049,"distance":3802.8928,"type":-1}],"age":19,"gender":"M","height":170.18,"stepCount":9045,"weight":87.54333}