{"activityLevel":0,"activityList":[{"activeTime":1704936,"calorie":206.0,"distance":1720.76,"type":1001},{"activeTime":566443,"calorie":104.01,"distance":0.0,"type":15006},{"activeTime":4511720,"calorie":288.07968,"distance":5384.006,"type":-1}],"age":19,"gender":"M","height":172.72,"stepCount":10250,"weight":92.07925}