{"activityLevel":0,"activityList":[{"activeTime":4223424,"calorie":514.0,"distance":4899.0,"type":1001},{"activeTime":6773949,"calorie":391.28387,"distance":8314.228,"type":-1}],"age":19,"gender":"M","height":172.72,"stepCount":17631,"weight":92.07925}