{"activityLevel":0,"activityList":[{"activeTime":1400352,"calorie":172.0,"distance":1389.26,"type":1001},{"activeTime":2763371,"calorie":162.94267,"distance":3489.8862,"type":-1}],"age":19,"gender":"M","height":172.72,"stepCount":6514,"weight":92.07925}