{"activityLevel":0,"activityList":[{"activeTime":1780802,"calorie":216.0,"distance":2213.66,"type":1001},{"activeTime":3630725,"calorie":271.63345,"distance":4299.2285,"type":-1}],"age":19,"gender":"M","height":172.72,"stepCount":8526,"weight":92.07925}