{"activityLevel":0,"activityList":[{"activeTime":5625107,"calorie":649.0,"distance":7018.6797,"type":1001},{"activeTime":4415860,"calorie":328.22876,"distance":5169.082,"type":-1}],"age":20,"gender":"M","height":172.72,"stepCount":16139,"weight":92.07925}