{"activityLevel":0,"activityList":[{"activeTime":1327167,"calorie":176.0,"distance":1487.72,"type":1001},{"activeTime":1804092,"calorie":302.3601,"distance":0.0,"type":15006},{"activeTime":4665760,"calorie":397.36536,"distance":5966.521,"type":-1}],"age":19,"gender":"M","height":172.72,"stepCount":12312,"weight":92.07925}