{"activityLevel":0,"activityList":[{"activeTime":905032,"calorie":158.34001,"distance":0.0,"type":15006},{"activeTime":5695561,"calorie":396.99832,"distance":7243.5815,"type":-1}],"age":19,"gender":"M","height":172.72,"stepCount":10905,"weight":92.07925}