{"activityLevel":0,"activityList":[{"activeTime":1320000,"calorie":115.54,"distance":1806.02,"type":1001},{"activeTime":1721747,"calorie":133.73999,"distance":2045.2601,"type":-1}],"age":20,"gender":"M","height":172.72,"stepCount":4946,"weight":92.07925}