{"activityLevel":0,"activityList":[{"activeTime":4549838,"calorie":510.0,"distance":5574.64,"type":1001},{"activeTime":1677500,"calorie":87.76879,"distance":2044.4719,"type":-1}],"age":20,"gender":"M","height":172.72,"stepCount":10097,"weight":92.07925}