{"activityLevel":0,"activityList":[{"activeTime":1707770,"calorie":216.0,"distance":2031.48,"type":1001},{"activeTime":606959,"calorie":97.36,"distance":0.0,"type":15006},{"activeTime":4138809,"calorie":343.09473,"distance":5096.0474,"type":-1}],"age":19,"gender":"M","height":172.72,"stepCount":10456,"weight":92.986435}