{"activityLevel":0,"activityList":[{"activeTime":2310868,"calorie":309.0,"distance":3135.71,"type":1001},{"activeTime":2883794,"calorie":171.44955,"distance":3554.539,"type":-1}],"age":19,"gender":"M","height":172.72,"stepCount":8783,"weight":92.07925}