{"activityLevel":0,"activityList":[{"activeTime":1181910,"calorie":146.0,"distance":1402.64,"type":1001},{"activeTime":3831981,"calorie":252.96057,"distance":4765.9663,"type":-1}],"age":19,"gender":"M","height":172.72,"stepCount":8066,"weight":92.07925}