{"activityLevel":0,"activityList":[{"activeTime":1209572,"calorie":193.56001,"distance":0.0,"type":15006},{"activeTime":894099,"calorie":113.0,"distance":924.19,"type":1001},{"activeTime":4495495,"calorie":333.7745,"distance":5431.7183,"type":-1}],"age":19,"gender":"M","height":172.72,"stepCount":10332,"weight":92.986435}