{"activityLevel":0,"activityList":[{"a":-1,"b":109.923965,"c":2239.334,"d":1939885}],"age":19,"gender":"M","height":170.18,"stepCount":2965,"weight":87.54333}