{"activityLevel":0,"activityList":[{"a":-1,"b":75.15976,"c":1112.6603,"d":997430}],"age":18,"gender":"M","height":170.18,"stepCount":1499,"weight":87.08974}