{"activityLevel":0,"activityList":[{"activeTime":2074666,"calorie":238.0,"distance":2730.1401,"type":1001},{"activeTime":2392049,"calorie":160.28935,"distance":3119.674,"type":-1}],"age":19,"gender":"M","height":170.18,"stepCount":7795,"weight":87.99692}