{"activityLevel":0,"activityList":[{"activeTime":2746854,"calorie":344.0,"distance":3066.16,"type":1001},{"activeTime":1208492,"calorie":204.2601,"distance":0.0,"type":15006},{"activeTime":2459526,"calorie":209.12012,"distance":3029.9778,"type":-1}],"age":19,"gender":"M","height":172.72,"stepCount":10265,"weight":92.07925}