{"activityLevel":0,"activityList":[{"activeTime":1735974,"calorie":215.0,"distance":2456.56,"type":1001},{"activeTime":1284837,"calorie":83.02453,"distance":1548.5771,"type":-1}],"age":20,"gender":"M","height":172.72,"stepCount":5216,"weight":92.07925}