{"activityLevel":0,"activityList":[{"a":-1,"b":341.96454,"c":5191.191,"d":4553193}],"age":19,"gender":"M","height":170.18,"stepCount":6858,"weight":87.54333}