{"activityLevel":0,"activityList":[{"activeTime":2182907,"calorie":258.0,"distance":2757.52,"type":1001},{"activeTime":2409448,"calorie":392.59,"distance":0.0,"type":4003},{"activeTime":4355983,"calorie":356.26938,"distance":5400.328,"type":-1}],"age":19,"gender":"M","height":170.18,"stepCount":12153,"weight":87.99692}