{"activityLevel":0,"activityList":[{"activeTime":1726113,"calorie":196.0,"distance":1947.03,"type":1001},{"activeTime":3911292,"calorie":337.50192,"distance":4900.9443,"type":-1}],"age":20,"gender":"M","height":172.72,"stepCount":8998,"weight":92.07925}