{"activityLevel":0,"activityList":[{"activeTime":892047,"calorie":131.0,"distance":1135.86,"type":1001},{"activeTime":2636064,"calorie":477.97003,"distance":0.0,"type":15006},{"activeTime":5053755,"calorie":418.8162,"distance":6285.188,"type":-1}],"age":19,"gender":"M","height":172.72,"stepCount":13188,"weight":92.07925}