{"activityLevel":0,"activityList":[{"a":-1,"b":87.090004,"c":1351.9698,"d":1176127}],"age":18,"gender":"M","height":170.18,"stepCount":1778,"weight":86.63614}