{"activityLevel":0,"activityList":[{"activeTime":1808964,"calorie":225.0,"distance":2307.77,"type":1001},{"activeTime":1643418,"calorie":133.23555,"distance":2008.605,"type":-1}],"age":20,"gender":"M","height":172.72,"stepCount":5754,"weight":92.07925}