{"activityLevel":0,"activityList":[{"activeTime":3266979,"calorie":502.32004,"distance":0.0,"type":15006},{"activeTime":2397287,"calorie":181.85138,"distance":2730.4556,"type":-1}],"age":19,"gender":"M","height":170.18,"stepCount":6329,"weight":91.172066}