{"activityLevel":0,"activityList":[{"activeTime":4402483,"calorie":368.02,"distance":5738.94,"type":1001},{"activeTime":6302346,"calorie":511.23163,"distance":7852.2695,"type":-1}],"age":19,"gender":"M","height":172.72,"stepCount":17275,"weight":92.07925}