{"activityLevel":0,"activityList":[{"activeTime":1557446,"calorie":166.0,"distance":1371.3401,"type":1001},{"activeTime":2867622,"calorie":182.42606,"distance":3307.5176,"type":-1}],"age":20,"gender":"M","height":172.72,"stepCount":5979,"weight":92.07925}