{"activityLevel":0,"activityList":[{"activeTime":2955502,"calorie":370.0,"distance":3841.82,"type":1001},{"activeTime":1804059,"calorie":321.93002,"distance":0.0,"type":15006},{"activeTime":3910301,"calorie":330.03427,"distance":4869.8926,"type":-1}],"age":19,"gender":"M","height":172.72,"stepCount":14923,"weight":92.532845}