{"activityLevel":0,"activityList":[{"activeTime":1510392,"calorie":194.0,"distance":2117.92,"type":1001},{"activeTime":943685,"calorie":159.47002,"distance":0.0,"type":15006},{"activeTime":1924034,"calorie":106.26219,"distance":2349.8538,"type":-1}],"age":19,"gender":"M","height":170.18,"stepCount":7304,"weight":91.172066}