{"activityLevel":0,"activityList":[{"activeTime":2150160,"calorie":390.0,"distance":3153.44,"type":1001},{"activeTime":2757643,"calorie":224.69612,"distance":3344.377,"type":-1}],"age":19,"gender":"M","height":172.72,"stepCount":8485,"weight":92.532845}