{"activityLevel":0,"activityList":[{"a":0,"b":230.91,"c":0.0,"d":1833746},{"a":-1,"b":188.66957,"c":2872.0989,"d":2510464}],"age":18,"gender":"M","height":170.18,"stepCount":4243,"weight":87.08974}