{"activityLevel":0,"activityList":[{"activeTime":1756309,"calorie":210.0,"distance":2172.66,"type":1001},{"activeTime":2508239,"calorie":428.55997,"distance":0.0,"type":15006},{"activeTime":1783407,"calorie":133.86023,"distance":2057.7524,"type":-1}],"age":19,"gender":"M","height":170.18,"stepCount":8965,"weight":87.99692}