{"activityLevel":0,"activityList":[{"a":1001,"b":166.0,"c":1814.3201,"d":1422188},{"a":0,"b":929.5702,"c":0.0,"d":5410867},{"a":-1,"b":282.33124,"c":4300.315,"d":3425754}],"age":19,"gender":"M","height":170.18,"stepCount":10459,"weight":87.54333}