{"activityLevel":0,"activityList":[{"activeTime":2075797,"calorie":276.0,"distance":2489.35,"type":1001},{"activeTime":1814152,"calorie":319.25,"distance":0.0,"type":15006},{"activeTime":2957916,"calorie":208.71217,"distance":3608.2454,"type":-1}],"age":19,"gender":"M","height":172.72,"stepCount":11467,"weight":92.986435}