{"activityLevel":0,"activityList":[{"activeTime":1313263,"calorie":221.82002,"distance":0.0,"type":15006},{"activeTime":4047653,"calorie":256.18723,"distance":4579.6523,"type":-1}],"age":19,"gender":"M","height":170.18,"stepCount":7378,"weight":91.172066}