{"activityLevel":0,"activityList":[{"activeTime":1289085,"calorie":194.0,"distance":1550.84,"type":1001},{"activeTime":3153216,"calorie":192.13551,"distance":3987.707,"type":-1}],"age":19,"gender":"M","height":172.72,"stepCount":7321,"weight":92.07925}