{"activityLevel":0,"activityList":[{"activeTime":2356006,"calorie":286.0,"distance":2798.8198,"type":1001},{"activeTime":2083309,"calorie":116.11097,"distance":2537.9832,"type":-1}],"age":20,"gender":"M","height":172.72,"stepCount":7010,"weight":92.07925}