{"activityLevel":0,"activityList":[{"activeTime":1970250,"calorie":285.0,"distance":2443.12,"type":1001},{"activeTime":1000031,"calorie":158.15999,"distance":0.0,"type":15006},{"activeTime":4032575,"calorie":338.82608,"distance":4943.617,"type":-1}],"age":19,"gender":"M","height":172.72,"stepCount":11200,"weight":92.986435}