{"activityLevel":0,"activityList":[{"activeTime":1398803,"calorie":179.0,"distance":1750.79,"type":1001},{"activeTime":2676600,"calorie":537.57996,"distance":0.0,"type":14001},{"activeTime":291920,"calorie":63.41,"distance":0.0,"type":11007},{"activeTime":1117192,"calorie":65.43386,"distance":1383.8958,"type":-1}],"age":19,"gender":"M","height":172.72,"stepCount":4625,"weight":92.07925}