{"activityLevel":0,"activityList":[{"activeTime":1449206,"calorie":185.0,"distance":1772.88,"type":1001},{"activeTime":4512370,"calorie":370.44025,"distance":5501.475,"type":-1}],"age":20,"gender":"M","height":172.72,"stepCount":9546,"weight":92.07925}