{"activityLevel":0,"activityList":[{"a":1001,"b":249.0,"c":2385.26,"d":2281534},{"a":15006,"b":89.21,"c":0.0,"d":330240},{"a":-1,"b":384.58743,"c":5962.045,"d":4880614}],"age":19,"gender":"M","height":170.18,"stepCount":11841,"weight":87.54333}