{"activityLevel":0,"activityList":[{"activeTime":2147219,"calorie":258.0,"distance":2657.04,"type":1001},{"activeTime":1140321,"calorie":89.67834,"distance":1300.9048,"type":-1}],"age":19,"gender":"M","height":172.72,"stepCount":5224,"weight":92.07925}