{"activityLevel":0,"activityList":[{"activeTime":2014753,"calorie":235.0,"distance":2246.77,"type":1001},{"activeTime":2509098,"calorie":202.69176,"distance":2979.1404,"type":-1}],"age":20,"gender":"M","height":172.72,"stepCount":6871,"weight":92.07925}