{"activityLevel":0,"activityList":[{"activeTime":2159817,"calorie":259.0,"distance":2357.35,"type":1001},{"activeTime":4680253,"calorie":316.27582,"distance":5880.4824,"type":-1}],"age":20,"gender":"M","height":172.72,"stepCount":10834,"weight":92.07925}