{"activityLevel":0,"activityList":[{"activeTime":3377266,"calorie":413.0,"distance":4065.36,"type":1001},{"activeTime":6609693,"calorie":551.07715,"distance":8284.7705,"type":-1}],"age":19,"gender":"M","height":172.72,"stepCount":16010,"weight":92.07925}