{"activityLevel":0,"activityList":[{"activeTime":11775429,"calorie":1423.0,"distance":13917.27,"type":1001},{"activeTime":4354133,"calorie":349.83157,"distance":5120.2593,"type":-1}],"age":20,"gender":"M","height":172.72,"stepCount":25660,"weight":92.07925}