{"activityLevel":0,"activityList":[{"activeTime":4146360,"calorie":492.0,"distance":5284.8203,"type":1001},{"activeTime":2018041,"calorie":118.65665,"distance":2416.1711,"type":-1}],"age":20,"gender":"M","height":172.72,"stepCount":10188,"weight":92.07925}