{"activityLevel":0,"activityList":[{"activeTime":930632,"calorie":117.0,"distance":1147.96,"type":1001},{"activeTime":3241298,"calorie":223.64255,"distance":3994.0635,"type":-1}],"age":20,"gender":"M","height":172.72,"stepCount":6786,"weight":92.07925}