{"activityLevel":0,"activityList":[{"activeTime":4518034,"calorie":558.0,"distance":5607.8804,"type":1001},{"activeTime":3133612,"calorie":253.02316,"distance":3760.4048,"type":-1}],"age":19,"gender":"M","height":172.72,"stepCount":12408,"weight":92.07925}