{"activityLevel":0,"activityList":[{"activeTime":2190323,"calorie":278.0,"distance":2778.66,"type":1001},{"activeTime":3511806,"calorie":297.51215,"distance":4432.897,"type":-1}],"age":20,"gender":"M","height":172.72,"stepCount":9514,"weight":92.07925}