{"activityLevel":0,"activityList":[{"activeTime":943363,"calorie":127.0,"distance":1160.19,"type":1001},{"activeTime":1323769,"calorie":231.60997,"distance":0.0,"type":15006},{"activeTime":2300577,"calorie":242.539,"distance":893.453,"type":11007},{"activeTime":3348706,"calorie":285.11435,"distance":4226.0054,"type":-1}],"age":19,"gender":"M","height":172.72,"stepCount":10500,"weight":92.07925}