{"activityLevel":0,"activityList":[{"activeTime":1943495,"calorie":232.0,"distance":2588.76,"type":1001},{"activeTime":1441352,"calorie":115.16399,"distance":1733.1333,"type":-1}],"age":20,"gender":"M","height":172.72,"stepCount":5718,"weight":92.07925}