{"activityLevel":0,"activityList":[{"activeTime":1168356,"calorie":131.0,"distance":1366.32,"type":1001},{"activeTime":4077796,"calorie":272.98706,"distance":4933.403,"type":-1}],"age":19,"gender":"M","height":172.72,"stepCount":8328,"weight":92.07925}