{"activityLevel":0,"activityList":[{"activeTime":6313596,"calorie":725.0,"distance":7071.55,"type":1001},{"activeTime":3530325,"calorie":315.33188,"distance":4537.2314,"type":-1}],"age":20,"gender":"M","height":172.72,"stepCount":16090,"weight":92.07925}