{"activityLevel":0,"activityList":[{"activeTime":1527095,"calorie":192.0,"distance":1790.78,"type":1001},{"activeTime":3607041,"calorie":221.97353,"distance":4475.233,"type":-1}],"age":20,"gender":"M","height":172.72,"stepCount":8328,"weight":92.07925}