{"activityLevel":0,"activityList":[{"activeTime":1334979,"calorie":157.0,"distance":1466.54,"type":1001},{"activeTime":3138868,"calorie":258.31546,"distance":3838.2476,"type":-1}],"age":20,"gender":"M","height":172.72,"stepCount":7035,"weight":92.07925}