{"activityLevel":0,"activityList":[{"a":1001,"b":295.0,"c":3021.24,"d":2521112},{"a":15006,"b":207.51997,"c":0.0,"d":1259987},{"a":-1,"b":186.06107,"c":3649.2437,"d":3016177}],"age":19,"gender":"M","height":170.18,"stepCount":10612,"weight":87.54333}