{"activityLevel":0,"activityList":[{"a":1001,"b":94.0,"c":1003.86,"d":798217},{"a":15006,"b":552.59,"c":0.0,"d":3089261},{"a":-1,"b":264.65958,"c":5479.468,"d":4359395}],"age":19,"gender":"M","height":170.18,"stepCount":13694,"weight":87.54333}