{"activityLevel":0,"activityList":[{"activeTime":1441160,"calorie":188.0,"distance":1954.78,"type":1001},{"activeTime":729078,"calorie":128.38002,"distance":0.0,"type":15006},{"activeTime":4394389,"calorie":260.74335,"distance":5672.288,"type":-1}],"age":19,"gender":"M","height":172.72,"stepCount":11034,"weight":92.07925}