{"activityLevel":0,"activityList":[{"a":-1,"b":719.57275,"c":11034.833,"d":9601349}],"age":19,"gender":"M","height":170.18,"stepCount":14624,"weight":87.54333}