{"activityLevel":0,"activityList":[{"a":-1,"b":196.57951,"c":2987.8591,"d":2627487}],"age":18,"gender":"M","height":170.18,"stepCount":3986,"weight":87.08974}