{"activityLevel":0,"activityList":[{"activeTime":1572991,"calorie":193.0,"distance":2145.75,"type":1001},{"activeTime":2695340,"calorie":167.19395,"distance":3490.8374,"type":-1}],"age":20,"gender":"M","height":172.72,"stepCount":7286,"weight":92.07925}