{"activityLevel":0,"activityList":[{"activeTime":1806587,"calorie":283.91003,"distance":0.0,"type":15006},{"activeTime":3624207,"calorie":292.54822,"distance":4202.603,"type":-1}],"age":19,"gender":"M","height":172.72,"stepCount":6745,"weight":92.07925}