{"activityLevel":0,"activityList":[{"a":0,"b":796.7003,"c":0.0,"d":5247389},{"a":-1,"b":215.97905,"c":4500.6074,"d":3875052}],"age":18,"gender":"M","height":170.18,"stepCount":7569,"weight":86.63614}