{"activityLevel":0,"activityList":[{"activeTime":1911000,"calorie":173.4,"distance":2701.72,"type":1001},{"activeTime":1997014,"calorie":162.53494,"distance":2516.648,"type":-1}],"age":20,"gender":"M","height":172.72,"stepCount":6660,"weight":92.07925}