{"activityLevel":0,"activityList":[{"a":14001,"b":115.62,"c":0.0,"d":546400},{"a":0,"b":381.07,"c":0.0,"d":2655571},{"a":-1,"b":445.58923,"c":6732.1973,"d":5698533}],"age":18,"gender":"M","height":170.18,"stepCount":11292,"weight":87.54333}