{"activityLevel":0,"activityList":[{"activeTime":1474123,"calorie":170.0,"distance":1522.3201,"type":1001},{"activeTime":3322750,"calorie":283.11612,"distance":4128.0493,"type":-1}],"age":20,"gender":"M","height":172.72,"stepCount":7312,"weight":92.07925}