{"activityLevel":0,"activityList":[{"activeTime":2290444,"calorie":269.0,"distance":2717.8801,"type":1001},{"activeTime":2161464,"calorie":366.30002,"distance":0.0,"type":15006},{"activeTime":3176632,"calorie":189.62091,"distance":3879.9688,"type":-1}],"age":19,"gender":"M","height":170.18,"stepCount":12679,"weight":87.99692}