{"activityLevel":0,"activityList":[{"activeTime":1804957,"calorie":220.0,"distance":2292.1401,"type":1001},{"activeTime":3918273,"calorie":677.31995,"distance":0.0,"type":15006},{"activeTime":2840780,"calorie":191.97739,"distance":3376.1543,"type":-1}],"age":19,"gender":"M","height":172.72,"stepCount":13149,"weight":92.07925}