{"activityLevel":0,"activityList":[{"activeTime":1205142,"calorie":215.61002,"distance":0.0,"type":15006},{"activeTime":6106219,"calorie":515.55774,"distance":7684.3657,"type":-1}],"age":19,"gender":"M","height":170.18,"stepCount":12367,"weight":91.172066}