{"activityLevel":0,"activityList":[{"activeTime":2294233,"calorie":277.0,"distance":3108.8198,"type":1001},{"activeTime":1802404,"calorie":107.45652,"distance":2135.1013,"type":-1}],"age":20,"gender":"M","height":172.72,"stepCount":6866,"weight":92.07925}