{"activityLevel":0,"activityList":[{"a":-1,"b":159.46997,"c":2460.0798,"d":2158913}],"age":18,"gender":"M","height":170.18,"stepCount":3251,"weight":86.63614}