{"activityLevel":0,"activityList":[{"activeTime":3059453,"calorie":372.0,"distance":3821.3599,"type":1001},{"activeTime":1277280,"calorie":235.73,"distance":0.0,"type":15006},{"activeTime":2621875,"calorie":174.22583,"distance":3153.1667,"type":-1}],"age":19,"gender":"M","height":170.18,"stepCount":11287,"weight":91.172066}