{"activityLevel":0,"activityList":[{"activeTime":3313689,"calorie":401.0,"distance":3721.94,"type":1001},{"activeTime":2827766,"calorie":237.08214,"distance":3444.7732,"type":-1}],"age":20,"gender":"M","height":172.72,"stepCount":9525,"weight":92.07925}