{"activityLevel":0,"activityList":[{"a":-1,"b":67.16998,"c":1019.8704,"d":906318}],"age":18,"gender":"M","height":170.18,"stepCount":1362,"weight":87.08974}