{"activityLevel":0,"activityList":[{"activeTime":1379230,"calorie":178.0,"distance":1427.62,"type":1001},{"activeTime":1877875,"calorie":162.27405,"distance":2356.3208,"type":-1}],"age":19,"gender":"M","height":172.72,"stepCount":5017,"weight":92.532845}