{"activityLevel":0,"activityList":[{"activeTime":2785156,"calorie":342.0,"distance":3293.29,"type":1001},{"activeTime":641360,"calorie":112.200005,"distance":0.0,"type":15006},{"activeTime":3907014,"calorie":342.4614,"distance":5033.2754,"type":-1}],"age":19,"gender":"M","height":170.18,"stepCount":11883,"weight":91.172066}