{"activityLevel":0,"activityList":[{"a":1001,"b":251.0,"c":2477.92,"d":2126475},{"a":15006,"b":177.73001,"c":0.0,"d":992312},{"a":-1,"b":201.27136,"c":3954.8665,"d":3200661}],"age":19,"gender":"M","height":170.18,"stepCount":10141,"weight":87.54333}