{"activityLevel":0,"activityList":[{"a":-1,"b":75.789635,"c":1180.2339,"d":993472}],"age":19,"gender":"M","height":170.18,"stepCount":1541,"weight":87.54333}