{"activityLevel":0,"activityList":[{"activeTime":1674194,"calorie":269.0,"distance":1871.8401,"type":1001},{"activeTime":2338343,"calorie":295.05,"distance":0.0,"type":0},{"activeTime":3095009,"calorie":197.23688,"distance":3750.7239,"type":-1}],"age":19,"gender":"M","height":172.72,"stepCount":8222,"weight":92.07925}