{"activityLevel":0,"activityList":[{"activeTime":1588985,"calorie":197.0,"distance":1944.95,"type":1001},{"activeTime":2206214,"calorie":171.59056,"distance":2586.4211,"type":-1}],"age":19,"gender":"M","height":172.72,"stepCount":5920,"weight":92.07925}