{"activityLevel":0,"activityList":[{"activeTime":3478000,"calorie":313.89,"distance":4914.75,"type":1001},{"activeTime":1028065,"calorie":83.56335,"distance":1275.6865,"type":-1}],"age":20,"gender":"M","height":172.72,"stepCount":7835,"weight":92.07925}