{"activityLevel":0,"activityList":[{"activeTime":633000,"calorie":55.190002,"distance":863.33997,"type":1001},{"activeTime":3940505,"calorie":324.28,"distance":5004.966,"type":-1}],"age":20,"gender":"M","height":172.72,"stepCount":7543,"weight":92.07925}