{"activityLevel":0,"activityList":[{"a":-1,"b":376.61624,"c":5629.579,"d":4366719}],"age":19,"gender":"M","height":170.18,"stepCount":7346,"weight":87.54333}