{"activityLevel":0,"activityList":[{"activeTime":2580773,"calorie":363.0,"distance":3227.62,"type":1001},{"activeTime":610010,"calorie":110.29001,"distance":0.0,"type":15006},{"activeTime":2766857,"calorie":194.94717,"distance":3383.292,"type":-1}],"age":19,"gender":"M","height":172.72,"stepCount":9561,"weight":92.986435}