{"activityLevel":0,"activityList":[{"a":-1,"b":394.13092,"c":6837.117,"d":5988721}],"age":18,"gender":"M","height":170.18,"stepCount":9061,"weight":87.54333}