{"activityLevel":0,"activityList":[{"activeTime":1925052,"calorie":221.0,"distance":1942.8201,"type":1001},{"activeTime":2397255,"calorie":206.00456,"distance":3114.2356,"type":-1}],"age":19,"gender":"M","height":170.18,"stepCount":6740,"weight":87.99692}