{"activityLevel":0,"activityList":[{"a":1001,"b":74.0,"c":738.64,"d":602179},{"a":-1,"b":335.71375,"c":5046.627,"d":4077285}],"age":19,"gender":"M","height":170.18,"stepCount":7670,"weight":87.54333}