{"activityLevel":0,"activityList":[{"a":-1,"b":183.60979,"c":2811.807,"d":2452492}],"age":18,"gender":"M","height":170.18,"stepCount":3732,"weight":87.08974}