{"activityLevel":0,"activityList":[{"activeTime":1461970,"calorie":168.0,"distance":1746.24,"type":1001},{"activeTime":5607614,"calorie":464.41525,"distance":6759.617,"type":-1}],"age":20,"gender":"M","height":172.72,"stepCount":11079,"weight":92.07925}