{"activityLevel":0,"activityList":[{"activeTime":2092000,"calorie":184.93001,"distance":2875.51,"type":1001},{"activeTime":1973585,"calorie":159.9467,"distance":2440.6777,"type":-1}],"age":20,"gender":"M","height":172.72,"stepCount":6832,"weight":92.07925}