{"activityLevel":0,"activityList":[{"activeTime":2031958,"calorie":242.0,"distance":2523.07,"type":1001},{"activeTime":1656545,"calorie":98.991844,"distance":2046.2797,"type":-1}],"age":20,"gender":"M","height":172.72,"stepCount":6154,"weight":92.07925}