{"activityLevel":0,"activityList":[{"activeTime":1583312,"calorie":223.052,"distance":2348.02,"type":1001},{"activeTime":1605175,"calorie":94.82376,"distance":1874.2828,"type":-1}],"age":19,"gender":"M","height":172.72,"stepCount":5430,"weight":92.07925}