{"activityLevel":0,"activityList":[{"a":-1,"b":529.55115,"c":8136.571,"d":6884724}],"age":18,"gender":"M","height":170.18,"stepCount":10651,"weight":87.54333}