{"activityLevel":0,"activityList":[{"activeTime":1357988,"calorie":159.0,"distance":1577.94,"type":1001},{"activeTime":2717551,"calorie":156.32043,"distance":3179.5757,"type":-1}],"age":20,"gender":"M","height":172.72,"stepCount":6330,"weight":92.07925}