{"activityLevel":0,"activityList":[{"activeTime":3641000,"calorie":336.34003,"distance":5278.11,"type":1001},{"activeTime":1862860,"calorie":145.96684,"distance":2205.849,"type":-1}],"age":20,"gender":"M","height":172.72,"stepCount":9414,"weight":92.07925}