{"activityLevel":0,"activityList":[{"a":1001,"b":345.0,"c":3539.2998,"d":2968865},{"a":15006,"b":207.35999,"c":0.0,"d":1315555},{"a":-1,"b":216.8143,"c":4072.319,"d":3368265}],"age":19,"gender":"M","height":170.18,"stepCount":12328,"weight":87.54333}