{"activityLevel":0,"activityList":[{"activeTime":955949,"calorie":112.0,"distance":909.46,"type":1001},{"activeTime":1420784,"calorie":123.214775,"distance":1797.1969,"type":-1}],"age":20,"gender":"M","height":172.72,"stepCount":3523,"weight":92.07925}