{"activityLevel":0,"activityList":[{"activeTime":623852,"calorie":115.31999,"distance":0.0,"type":15006},{"activeTime":3562447,"calorie":271.75632,"distance":4069.4165,"type":-1}],"age":19,"gender":"M","height":170.18,"stepCount":6236,"weight":91.172066}