{"activityLevel":0,"activityList":[{"activeTime":598077,"calorie":107.27999,"distance":0.0,"type":15006},{"activeTime":3332330,"calorie":247.95172,"distance":3802.1218,"type":-1}],"age":19,"gender":"M","height":170.18,"stepCount":5857,"weight":91.172066}