{"activityLevel":0,"activityList":[{"activeTime":1294287,"calorie":149.0,"distance":1581.5801,"type":1001},{"activeTime":2985088,"calorie":244.58499,"distance":3693.7834,"type":-1}],"age":19,"gender":"M","height":170.18,"stepCount":6996,"weight":87.99692}