{"activityLevel":0,"activityList":[{"activeTime":1435084,"calorie":164.0,"distance":1951.48,"type":1001},{"activeTime":906918,"calorie":162.67,"distance":0.0,"type":15006},{"activeTime":1606389,"calorie":128.56512,"distance":1887.0607,"type":-1}],"age":19,"gender":"M","height":170.18,"stepCount":6289,"weight":87.99692}