{"activityLevel":0,"activityList":[{"a":-1,"b":225.10966,"c":3452.0623,"d":3048927}],"age":18,"gender":"M","height":170.18,"stepCount":4600,"weight":87.54333}