{"activityLevel":0,"activityList":[{"activeTime":1985107,"calorie":239.0,"distance":2180.94,"type":1001},{"activeTime":3793144,"calorie":329.42868,"distance":4894.7915,"type":-1}],"age":20,"gender":"M","height":172.72,"stepCount":9298,"weight":92.07925}