{"activityLevel":0,"activityList":[{"a":-1,"b":326.62286,"c":5030.391,"d":4382829}],"age":18,"gender":"M","height":170.18,"stepCount":6655,"weight":86.63614}