{"activityLevel":0,"activityList":[{"activeTime":1753607,"calorie":213.0,"distance":2085.0898,"type":1001},{"activeTime":5309040,"calorie":379.66367,"distance":6692.443,"type":-1}],"age":19,"gender":"M","height":172.72,"stepCount":11565,"weight":92.986435}