{"activityLevel":0,"activityList":[{"a":-1,"b":55.419987,"c":1314.8303,"d":1167250}],"age":18,"gender":"M","height":170.18,"stepCount":1750,"weight":86.63614}