{"activityLevel":0,"activityList":[{"activeTime":1899898,"calorie":224.0,"distance":2219.43,"type":1001},{"activeTime":4852153,"calorie":852.1804,"distance":0.0,"type":4003},{"activeTime":3352332,"calorie":280.97806,"distance":4293.068,"type":-1}],"age":19,"gender":"M","height":170.18,"stepCount":11910,"weight":87.54333}