{"activityLevel":0,"activityList":[{"activeTime":2294705,"calorie":275.0,"distance":2405.8398,"type":1001},{"activeTime":2111798,"calorie":366.85022,"distance":0.0,"type":15006},{"activeTime":3307506,"calorie":278.94308,"distance":4128.276,"type":-1}],"age":19,"gender":"M","height":172.72,"stepCount":12392,"weight":92.07925}