{"activityLevel":0,"activityList":[{"a":0,"b":707.38043,"c":0.0,"d":4139315},{"a":-1,"b":563.7907,"c":9162.174,"d":7938643}],"age":19,"gender":"M","height":170.18,"stepCount":15654,"weight":87.54333}