{"activityLevel":0,"activityList":[{"activeTime":1848379,"calorie":270.0,"distance":2475.0,"type":1001},{"activeTime":843138,"calorie":145.98001,"distance":0.0,"type":15006},{"activeTime":1479946,"calorie":115.22917,"distance":1736.0083,"type":-1}],"age":19,"gender":"M","height":172.72,"stepCount":7017,"weight":92.07925}