{"activityLevel":0,"activityList":[{"activeTime":1887384,"calorie":245.0,"distance":2311.59,"type":1001},{"activeTime":2893853,"calorie":231.10614,"distance":3451.5044,"type":-1}],"age":19,"gender":"M","height":172.72,"stepCount":7464,"weight":92.07925}