{"activityLevel":0,"activityList":[{"activeTime":1489053,"calorie":169.0,"distance":1571.4199,"type":1001},{"activeTime":3569857,"calorie":305.30264,"distance":4622.0312,"type":-1}],"age":19,"gender":"M","height":170.18,"stepCount":8182,"weight":87.99692}