{"activityLevel":0,"activityList":[{"activeTime":1960609,"calorie":246.0,"distance":2342.32,"type":1001},{"activeTime":2737484,"calorie":190.01376,"distance":3519.4348,"type":-1}],"age":20,"gender":"M","height":172.72,"stepCount":7691,"weight":92.07925}