{"activityLevel":0,"activityList":[{"activeTime":1900501,"calorie":246.0,"distance":1720.01,"type":1001},{"activeTime":9105450,"calorie":618.34045,"distance":11056.45,"type":-1}],"age":20,"gender":"M","height":172.72,"stepCount":16581,"weight":92.07925}