{"activityLevel":0,"activityList":[{"a":14001,"b":401.2,"c":0.0,"d":2051100},{"a":-1,"b":269.90762,"c":5065.1733,"d":4374361}],"age":19,"gender":"M","height":170.18,"stepCount":6817,"weight":87.54333}