{"activityLevel":0,"activityList":[{"activeTime":1665252,"calorie":242.0,"distance":2276.35,"type":1001},{"activeTime":303981,"calorie":44.850006,"distance":0.0,"type":15006},{"activeTime":4064296,"calorie":295.9122,"distance":5147.8535,"type":-1}],"age":19,"gender":"M","height":172.72,"stepCount":10011,"weight":92.07925}