{"activityLevel":0,"activityList":[{"activeTime":2228611,"calorie":404.04004,"distance":0.0,"type":15006},{"activeTime":1553663,"calorie":118.05661,"distance":1767.8685,"type":-1}],"age":19,"gender":"M","height":170.18,"stepCount":5211,"weight":91.172066}