{"activityLevel":0,"activityList":[{"a":-1,"b":367.83255,"c":5683.724,"d":5001086}],"age":18,"gender":"M","height":170.18,"stepCount":7559,"weight":86.63614}