{"activityLevel":0,"activityList":[{"a":-1,"b":107.540565,"c":2390.2249,"d":2099016}],"age":18,"gender":"M","height":170.18,"stepCount":3153,"weight":86.63614}