{"activityLevel":0,"activityList":[{"activeTime":665710,"calorie":79.0,"distance":796.68,"type":1001},{"activeTime":2534927,"calorie":426.37997,"distance":0.0,"type":4003},{"activeTime":4999020,"calorie":415.30292,"distance":6306.024,"type":-1}],"age":19,"gender":"M","height":170.18,"stepCount":10951,"weight":87.99692}