{"activityLevel":0,"activityList":[{"activeTime":1243884,"calorie":149.0,"distance":1551.9199,"type":1001},{"activeTime":3944073,"calorie":234.85176,"distance":4533.4463,"type":-1}],"age":19,"gender":"M","height":170.18,"stepCount":8048,"weight":87.99692}