{"activityLevel":0,"activityList":[{"activeTime":1988210,"calorie":245.0,"distance":2364.3599,"type":1001},{"activeTime":2799271,"calorie":235.41862,"distance":3503.3845,"type":-1}],"age":19,"gender":"M","height":172.72,"stepCount":7691,"weight":92.07925}