{"activityLevel":0,"activityList":[{"activeTime":2257893,"calorie":279.0,"distance":2885.84,"type":1001},{"activeTime":592078,"calorie":117.91001,"distance":0.0,"type":15006},{"activeTime":3471183,"calorie":283.47647,"distance":4266.2817,"type":-1}],"age":19,"gender":"M","height":170.18,"stepCount":10237,"weight":87.99692}