{"activityLevel":0,"activityList":[{"activeTime":1471959,"calorie":170.0,"distance":1701.98,"type":1001},{"activeTime":1823283,"calorie":336.99002,"distance":0.0,"type":15006},{"activeTime":3565269,"calorie":303.17914,"distance":4477.3657,"type":-1}],"age":19,"gender":"M","height":170.18,"stepCount":11219,"weight":91.172066}