{"activityLevel":0,"activityList":[{"a":1001,"b":193.0,"c":2221.72,"d":1655497},{"a":-1,"b":312.44016,"c":6161.7905,"d":5074150}],"age":19,"gender":"M","height":170.18,"stepCount":10973,"weight":87.54333}