{"activityLevel":0,"activityList":[{"a":1001,"b":316.0,"c":2873.33,"d":2792045},{"a":-1,"b":287.30377,"c":4304.373,"d":3751490}],"age":19,"gender":"M","height":170.18,"stepCount":9712,"weight":87.54333}