{"activityLevel":0,"activityList":[{"activeTime":3230027,"calorie":413.0,"distance":4038.7397,"type":1001},{"activeTime":2965507,"calorie":246.89665,"distance":3671.3906,"type":-1}],"age":19,"gender":"M","height":172.72,"stepCount":10139,"weight":92.532845}