{"activityLevel":0,"activityList":[{"activeTime":2003675,"calorie":233.0,"distance":2556.75,"type":1001},{"activeTime":2628148,"calorie":170.29771,"distance":3290.1973,"type":-1}],"age":20,"gender":"M","height":172.72,"stepCount":7715,"weight":92.07925}