{"activityLevel":0,"activityList":[{"activeTime":1403992,"calorie":181.0,"distance":1397.62,"type":1001},{"activeTime":3678483,"calorie":290.23022,"distance":4292.3696,"type":-1}],"age":19,"gender":"M","height":172.72,"stepCount":7511,"weight":92.532845}