{"activityLevel":0,"activityList":[{"activeTime":1390942,"calorie":164.0,"distance":1858.14,"type":1001},{"activeTime":1808547,"calorie":329.46002,"distance":0.0,"type":15006},{"activeTime":1162934,"calorie":93.07601,"distance":1376.4467,"type":-1}],"age":19,"gender":"M","height":170.18,"stepCount":6973,"weight":87.99692}