{"activityLevel":0,"activityList":[{"a":-1,"b":215.16032,"c":3341.501,"d":2947410}],"age":18,"gender":"M","height":170.18,"stepCount":4432,"weight":86.63614}