{"activityLevel":0,"activityList":[{"a":-1,"b":160.84999,"c":3742.1633,"d":3301619}],"age":18,"gender":"M","height":170.18,"stepCount":4965,"weight":86.63614}