{"activityLevel":0,"activityList":[{"a":14001,"b":534.29004,"c":0.0,"d":2703000},{"a":-1,"b":223.9073,"c":3378.4006,"d":2789404}],"age":18,"gender":"M","height":170.18,"stepCount":4851,"weight":87.54333}