{"activityLevel":0,"activityList":[{"activeTime":2100000,"calorie":160.72,"distance":2474.06,"type":1001},{"activeTime":2079449,"calorie":169.06001,"distance":2603.749,"type":-1}],"age":20,"gender":"M","height":172.72,"stepCount":6555,"weight":92.07925}