{"activityLevel":0,"activityList":[{"activeTime":1863695,"calorie":257.0,"distance":2433.46,"type":1001},{"activeTime":2159423,"calorie":166.97182,"distance":2534.3508,"type":-1}],"age":19,"gender":"M","height":172.72,"stepCount":6502,"weight":92.986435}