{"activityLevel":0,"activityList":[{"activeTime":1925267,"calorie":243.0,"distance":1917.0599,"type":1001},{"activeTime":2226216,"calorie":188.89462,"distance":2794.0698,"type":-1}],"age":19,"gender":"M","height":172.72,"stepCount":6171,"weight":92.07925}