{"activityLevel":0,"activityList":[{"activeTime":954019,"calorie":116.0,"distance":1121.58,"type":1001},{"activeTime":3362497,"calorie":291.93234,"distance":4371.7676,"type":-1}],"age":20,"gender":"M","height":172.72,"stepCount":7164,"weight":92.07925}