{"activityLevel":0,"activityList":[{"activeTime":1694026,"calorie":201.0,"distance":1884.49,"type":1001},{"activeTime":3572729,"calorie":300.68668,"distance":4438.329,"type":-1}],"age":19,"gender":"M","height":172.72,"stepCount":8315,"weight":92.07925}