{"activityLevel":0,"activityList":[{"a":-1,"b":152.97995,"c":2561.91,"d":2262197}],"age":18,"gender":"M","height":170.18,"stepCount":3392,"weight":87.08974}