{"activityLevel":0,"activityList":[{"activeTime":1627653,"calorie":211.0,"distance":2042.21,"type":1001},{"activeTime":2254760,"calorie":372.09015,"distance":0.0,"type":15006},{"activeTime":3334985,"calorie":216.11069,"distance":4071.2683,"type":-1}],"age":19,"gender":"M","height":172.72,"stepCount":11639,"weight":92.07925}