{"activityLevel":0,"activityList":[{"activeTime":4268450,"calorie":532.0,"distance":4833.6,"type":1001},{"activeTime":4588446,"calorie":365.18063,"distance":5347.2485,"type":-1}],"age":19,"gender":"M","height":172.72,"stepCount":13255,"weight":92.07925}