{"activityLevel":0,"activityList":[{"activeTime":1448143,"calorie":189.0,"distance":1981.74,"type":1001},{"activeTime":3800354,"calorie":618.67017,"distance":0.0,"type":15006},{"activeTime":2884861,"calorie":196.37337,"distance":3568.679,"type":-1}],"age":19,"gender":"M","height":172.72,"stepCount":13695,"weight":92.07925}