{"activityLevel":0,"activityList":[{"activeTime":1389124,"calorie":167.0,"distance":1796.48,"type":1001},{"activeTime":2680398,"calorie":237.78831,"distance":3551.473,"type":-1}],"age":19,"gender":"M","height":170.18,"stepCount":6969,"weight":87.99692}