{"activityLevel":0,"activityList":[{"activeTime":2189301,"calorie":281.0,"distance":2838.22,"type":1001},{"activeTime":1026726,"calorie":188.31001,"distance":0.0,"type":15006},{"activeTime":3296559,"calorie":216.92726,"distance":4129.3833,"type":-1}],"age":19,"gender":"M","height":170.18,"stepCount":10972,"weight":91.172066}