{"activityLevel":0,"activityList":[{"activeTime":1819996,"calorie":330.86,"distance":0.0,"type":15006},{"activeTime":964883,"calorie":109.0,"distance":1153.34,"type":1001},{"activeTime":4565579,"calorie":312.18024,"distance":5738.2188,"type":-1}],"age":19,"gender":"M","height":172.72,"stepCount":12512,"weight":92.986435}