{"activityLevel":0,"activityList":[{"activeTime":2386893,"calorie":304.0,"distance":3255.29,"type":1001},{"activeTime":1205675,"calorie":224.95,"distance":0.0,"type":15006},{"activeTime":2547076,"calorie":154.65892,"distance":3113.6272,"type":-1}],"age":19,"gender":"M","height":170.18,"stepCount":10438,"weight":87.99692}