{"activityLevel":0,"activityList":[{"activeTime":1940093,"calorie":231.0,"distance":2028.1299,"type":1001},{"activeTime":768078,"calorie":73.3,"distance":0.0,"type":0},{"activeTime":1808336,"calorie":301.93,"distance":0.0,"type":15006},{"activeTime":1865146,"calorie":118.92659,"distance":2297.6357,"type":-1}],"age":19,"gender":"M","height":170.18,"stepCount":8977,"weight":91.172066}