{"activityLevel":0,"activityList":[{"a":-1,"b":458.55658,"c":6990.3584,"d":6082357}],"age":19,"gender":"M","height":170.18,"stepCount":9226,"weight":87.54333}