{"activityLevel":0,"activityList":[{"activeTime":1373697,"calorie":185.0,"distance":1552.48,"type":1001},{"activeTime":6188693,"calorie":467.87808,"distance":7720.2827,"type":-1}],"age":20,"gender":"M","height":172.72,"stepCount":12069,"weight":92.07925}