{"activityLevel":0,"activityList":[{"activeTime":1609110,"calorie":177.0,"distance":1873.4199,"type":1001},{"activeTime":1693889,"calorie":132.49246,"distance":1975.771,"type":-1}],"age":19,"gender":"M","height":170.18,"stepCount":5179,"weight":87.99692}