{"activityLevel":0,"activityList":[{"a":-1,"b":87.01995,"c":1319.7599,"d":1174449}],"age":18,"gender":"M","height":170.18,"stepCount":1770,"weight":87.08974}