{"activityLevel":0,"activityList":[{"activeTime":2165530,"calorie":291.0,"distance":2864.3599,"type":1001},{"activeTime":3661337,"calorie":558.95026,"distance":0.0,"type":15006},{"activeTime":2801121,"calorie":238.4824,"distance":3551.8083,"type":-1}],"age":19,"gender":"M","height":172.72,"stepCount":14496,"weight":92.07925}