{"activityLevel":0,"activityList":[{"activeTime":2267449,"calorie":305.0,"distance":2974.3398,"type":1001},{"activeTime":883357,"calorie":108.61,"distance":0.0,"type":0},{"activeTime":2714567,"calorie":438.34995,"distance":0.0,"type":15006},{"activeTime":2888755,"calorie":200.22865,"distance":3629.4724,"type":-1}],"age":19,"gender":"M","height":172.72,"stepCount":12863,"weight":92.986435}