{"activityLevel":0,"activityList":[{"a":1001,"b":278.0,"c":2709.84,"d":2425834},{"a":15006,"b":333.84998,"c":0.0,"d":2162726},{"a":-1,"b":265.78098,"c":5163.339,"d":4455386}],"age":19,"gender":"M","height":170.18,"stepCount":13990,"weight":87.54333}