{"activityLevel":0,"activityList":[{"a":1001,"b":361.0,"c":3363.3801,"d":3215438},{"a":15006,"b":385.37,"c":0.0,"d":2250346},{"a":-1,"b":199.83176,"c":3954.0295,"d":3150968}],"age":19,"gender":"M","height":170.18,"stepCount":13519,"weight":87.54333}