{"activityLevel":0,"activityList":[{"activeTime":1803244,"calorie":305.52017,"distance":0.0,"type":15006},{"activeTime":5189324,"calorie":397.46478,"distance":5888.2827,"type":-1}],"age":19,"gender":"M","height":172.72,"stepCount":10555,"weight":92.07925}