{"activityLevel":0,"activityList":[{"activeTime":2055042,"calorie":242.0,"distance":2580.15,"type":1001},{"activeTime":1282477,"calorie":108.04493,"distance":1559.3694,"type":-1}],"age":20,"gender":"M","height":172.72,"stepCount":5504,"weight":92.07925}