{"activityLevel":0,"activityList":[{"a":1001,"b":390.0,"c":3884.82,"d":3400177},{"a":-1,"b":218.66818,"c":4128.0317,"d":3324460}],"age":19,"gender":"M","height":170.18,"stepCount":10692,"weight":87.54333}