{"activityLevel":0,"activityList":[{"activeTime":6885745,"calorie":767.0,"distance":8292.38,"type":1001},{"activeTime":2514065,"calorie":158.13287,"distance":3061.8574,"type":-1}],"age":20,"gender":"M","height":172.72,"stepCount":15458,"weight":92.07925}