{"activityLevel":0,"activityList":[{"activeTime":1378077,"calorie":166.0,"distance":1345.58,"type":1001},{"activeTime":1222555,"calorie":80.023186,"distance":1462.0667,"type":-1}],"age":19,"gender":"M","height":172.72,"stepCount":3677,"weight":92.986435}