{"activityLevel":0,"activityList":[{"a":1001,"b":197.0,"c":2067.02,"d":1672427},{"a":15006,"b":608.94006,"c":0.0,"d":3605721},{"a":-1,"b":182.30606,"c":3362.8972,"d":2747403}],"age":19,"gender":"M","height":170.18,"stepCount":11524,"weight":87.54333}