{"activityLevel":0,"activityList":[{"a":1001,"b":166.0,"c":1845.9099,"d":1415138},{"a":15006,"b":281.28,"c":0.0,"d":1765122},{"a":-1,"b":217.93262,"c":3294.7834,"d":2675851}],"age":19,"gender":"M","height":170.18,"stepCount":9623,"weight":87.54333}