{"activityLevel":0,"activityList":[{"activeTime":1489670,"calorie":182.0,"distance":1833.16,"type":1001},{"activeTime":2892230,"calorie":241.98259,"distance":3562.373,"type":-1}],"age":20,"gender":"M","height":172.72,"stepCount":7057,"weight":92.07925}