{"activityLevel":0,"activityList":[{"a":14001,"b":455.5,"c":0.0,"d":2363400},{"a":-1,"b":309.57675,"c":5913.06,"d":5128309}],"age":19,"gender":"M","height":170.18,"stepCount":7871,"weight":87.54333}