{"activityLevel":0,"activityList":[{"a":-1,"b":233.86159,"c":3574.938,"d":3136749}],"age":18,"gender":"M","height":170.18,"stepCount":4747,"weight":87.08974}