{"activityLevel":0,"activityList":[{"activeTime":1734031,"calorie":201.0,"distance":1607.78,"type":1001},{"activeTime":3100175,"calorie":268.92673,"distance":3840.9941,"type":-1}],"age":20,"gender":"M","height":172.72,"stepCount":6999,"weight":92.07925}