{"activityLevel":0,"activityList":[{"activeTime":2034178,"calorie":246.0,"distance":2324.0,"type":1001},{"activeTime":6090506,"calorie":489.85944,"distance":7328.065,"type":-1}],"age":20,"gender":"M","height":172.72,"stepCount":12656,"weight":92.07925}